Metric,Value
Accuracy,0.9759603469640644
Precision,0.9799118079372856
Recall,0.9727626459143969
F1 Score,0.9763241396143519
