Metric,Value
Accuracy,0.9978540772532188
Precision (Weighted),0.9978552024559273
Recall (Weighted),0.9978540772532188
F1 Score (Weighted),0.9978540152785846
