Metric,Value
Accuracy,0.9888475836431226
Precision,0.9955643173977329
Recall,0.9824902723735408
F1 Score,0.9889840881272949
