Metric,Value
Accuracy,0.9724310776942355
Precision,0.9657142857142857
Recall,0.9712643678160919
F1 Score,0.9684813753581661
