Metric,Value
Accuracy,0.9428571428571428
Precision,0.9233082706766917
Recall,0.9669291338582677
F1 Score,0.9446153846153846
