Metric,Value
Accuracy,0.9724310776942355
Precision,0.9453551912568307
Recall,0.9942528735632183
F1 Score,0.9691876750700279
