Metric,Value
Accuracy,0.999322340185227
Precision,0.9990634511823929
Recall,0.9995315062075427
F1 Score,0.9992974238875879
