Metric,Value
Accuracy,0.9997741133950757
Precision,1.0
Recall,0.9995315062075427
F1 Score,0.9997656982193065
