Metric,Value
Accuracy,0.9824561403508771
Precision,0.9744318181818182
Recall,0.985632183908046
F1 Score,0.98
