Metric,Value
Accuracy,0.9967246442285972
Precision,0.9971857410881801
Recall,0.9960178027641133
F1 Score,0.9966014297433494
