Metric,Value
Accuracy,0.9786864931846344
Precision,0.9708413001912046
Recall,0.9878404669260701
F1 Score,0.9792671166827387
