Metric,Value
Accuracy,0.98091697645601
Precision,0.9777885079671657
Recall,0.9849221789883269
F1 Score,0.9813423794523869
