Metric,Value
Accuracy,0.9881040892193309
Precision,0.9897560975609756
Recall,0.9868677042801557
F1 Score,0.988309790550414
