Metric,Value
Accuracy,0.9974023040433703
Precision (Weighted),0.9974023084865384
Recall (Weighted),0.9974023040433703
F1 Score (Weighted),0.9974022935255533
