Metric,Value
Accuracy,0.9853779429987608
Precision,0.9911460895228726
Recall,0.9800583657587548
F1 Score,0.9855710442651016
