Metric,Value
Accuracy,0.95
Precision,0.9454828660436138
Recall,0.9559055118110236
F1 Score,0.9506656225528584
