Metric,Value
Accuracy,0.9507936507936507
Precision,0.9455676516329704
Recall,0.9574803149606299
F1 Score,0.9514866979655713
