Metric,Value
Accuracy,0.981203007518797
Precision,0.9663865546218487
Recall,0.9913793103448276
F1 Score,0.9787234042553192
