Metric,Value
Accuracy,0.9994352834876892
Precision,0.9997655883731833
Recall,0.9990630124150855
F1 Score,0.9994141769185706
