Metric,Value
Accuracy,0.9586466165413534
Precision,0.9222520107238605
Recall,0.9885057471264368
F1 Score,0.9542302357836338
