Metric,Value
Accuracy,0.9994352834876892
Precision (Weighted),0.999435313561773
Recall (Weighted),0.9994352834876892
F1 Score (Weighted),0.9994352857597086
