Metric,Value
Accuracy,0.9103230178450418
Precision,0.8851695854577699
Recall,0.9353478566408995
F1 Score,0.9095671981776765
