Metric,Value
Accuracy,0.9996611700926135
Precision (Weighted),0.9996611983548666
Recall (Weighted),0.9996611700926135
F1 Score (Weighted),0.9996611714558251
