Metric,Value
Accuracy,0.9799256505576208
Precision,0.980068060281964
Recall,0.980544747081712
F1 Score,0.9803063457330414
