Metric,Value
Accuracy,0.9988705669753783
Precision (Weighted),0.9988705669753783
Recall (Weighted),0.9988705669753783
F1 Score (Weighted),0.9988705669753783
