Metric,Value
Accuracy,0.9484126984126984
Precision,0.975
Recall,0.9212598425196851
F1 Score,0.9473684210526315
