Metric,Value
Accuracy,0.9893432465923172
Precision,0.9907362262311068
Recall,0.9883268482490273
F1 Score,0.9895300706111517
