Metric,Value
Accuracy,0.9206349206349206
Precision,0.9109062980030722
Recall,0.9338582677165355
F1 Score,0.922239502332815
