Metric,Value
Accuracy,0.9846344485749691
Precision,0.9921026653504442
Recall,0.9776264591439688
F1 Score,0.984811366976972
