Metric,Value
Accuracy,0.9866171003717472
Precision,0.982642237222758
Recall,0.9912451361867705
F1 Score,0.9869249394673123
