Metric,Value
Accuracy,0.9799498746867168
Precision,0.9715909090909091
Recall,0.9827586206896551
F1 Score,0.9771428571428572
