Metric,Value
Accuracy,0.9876084262701363
Precision,0.9873663751214772
Recall,0.9883268482490273
F1 Score,0.9878463782207098
