Metric,Value
Accuracy,0.8020050125313283
Precision,0.7624309392265194
Recall,0.7931034482758621
F1 Score,0.7774647887323944
