Metric,Value
Accuracy,0.9995482267901513
Precision,0.9995315062075427
Recall,0.9995315062075427
F1 Score,0.9995315062075427
