Metric,Value
Accuracy,0.9990964535803026
Precision (Weighted),0.9990974152057417
Recall (Weighted),0.9990964535803026
F1 Score (Weighted),0.9990964750446205
