Metric,Value
Accuracy,0.5722222222222222
Precision,0.5424778761061947
Recall,0.9653543307086614
F1 Score,0.6946175637393769
