Metric,Value
Accuracy,0.9661654135338346
Precision,0.952112676056338
Recall,0.9712643678160919
F1 Score,0.9615931721194878
