Metric,Value
Accuracy,0.9325396825396826
Precision,0.9508196721311475
Recall,0.9133858267716536
F1 Score,0.9317269076305221
