Metric,Value
Accuracy,0.6436507936507937
Precision,0.6078886310904872
Recall,0.8251968503937008
F1 Score,0.700066800267201
