Metric,Value
Accuracy,0.9412698412698413
Precision,0.9282442748091603
Recall,0.9574803149606299
F1 Score,0.9426356589147288
