Metric,Value
Accuracy,0.9871127633209418
Precision,0.9906953966699314
Recall,0.9839494163424124
F1 Score,0.9873108833577355
