Metric,Value
Accuracy,0.9988705669753783
Precision,0.9978957212999766
Recall,0.9997657531037714
F1 Score,0.998829861923707
