Metric,Value
Accuracy,0.9293650793650794
Precision,0.9674657534246576
Recall,0.889763779527559
F1 Score,0.9269893355209188
