,precision,recall,f1-score,support
0,0.999563604625791,0.9991275899672846,0.99934554973822,4585.0
1,0.9990634511823929,0.9995315062075427,0.9992974238875879,4269.0
accuracy,0.999322340185227,0.999322340185227,0.999322340185227,0.999322340185227
macro avg,0.9993135279040919,0.9993295480874136,0.9993214868129039,8854.0
weighted avg,0.9993224531631903,0.999322340185227,0.9993223456207195,8854.0
