Metric,Value
Accuracy,0.9507936507936507
Precision,0.967373572593801
Recall,0.9338582677165355
F1 Score,0.9503205128205128
