Metric,Value
Accuracy,0.7355889724310777
Precision,0.7147335423197492
Recall,0.6551724137931034
F1 Score,0.6836581709145427
