Metric,Value
Accuracy,0.9412698412698413
Precision,0.9417322834645669
Recall,0.9417322834645669
F1 Score,0.9417322834645669
