Metric,Value
Accuracy,0.6656878247119946
Precision,0.781021897810219
Recall,0.42609510423986885
F1 Score,0.5513792058199455
