Metric,Value
Accuracy,0.9555555555555556
Precision,0.9676898222940227
Recall,0.9433070866141732
F1 Score,0.9553429027113238
