Metric,Value
Accuracy,0.9172932330827067
Precision,0.8525
Recall,0.9798850574712644
F1 Score,0.9117647058823529
