Metric,Value
Accuracy,0.926984126984127
Precision,0.9625212947189097
Recall,0.889763779527559
F1 Score,0.9247135842880524
