Metric,Value
Accuracy,0.9883519206939281
Precision,0.9859700048379294
Recall,0.9912451361867705
F1 Score,0.9886005335920447
