Metric,Value
Accuracy,0.9833952912019827
Precision,0.98488542174549
Recall,0.9824902723735408
F1 Score,0.9836863890917945
