Metric,Value
Accuracy,0.9649122807017544
Precision,0.9371584699453552
Recall,0.985632183908046
F1 Score,0.9607843137254902
