Metric,Value
Accuracy,0.9990964535803026
Precision,0.9997654234107436
Recall,0.9983602717263996
F1 Score,0.9990623534927331
