Metric,Value
Accuracy,0.9996611700926135
Precision,0.9995316159250586
Recall,0.9997657531037714
F1 Score,0.9996486708045439
