Metric,Value
Accuracy,0.9806691449814127
Precision,0.9777777777777777
Recall,0.9844357976653697
F1 Score,0.9810954920019389
