Metric,Value
Accuracy,0.6240396530359356
Precision,0.5938697318007663
Recall,0.8292801556420234
F1 Score,0.6921047290440431
