Metric,Value
Accuracy,0.9994352834876892
Precision (Weighted),0.999435499467344
Recall (Weighted),0.9994352834876892
F1 Score (Weighted),0.9994352765848541
