Metric,Value
Accuracy,0.9990964535803026
Precision,0.9995310668229778
Recall,0.9985945186226283
F1 Score,0.9990625732364659
