,precision,recall,f1-score,support
0,0.9323076923076923,0.9696,0.9505882352941176,625.0
1,0.9688524590163935,0.9307086614173228,0.9493975903614458,635.0
accuracy,0.95,0.95,0.95,0.95
macro avg,0.9505800756620428,0.9501543307086614,0.9499929128277818,1260.0
weighted avg,0.9507250945775536,0.95,0.9499881880463027,1260.0
