Metric,Value
Accuracy,0.95
Precision,0.9688524590163935
Recall,0.9307086614173228
F1 Score,0.9493975903614458
