Metric,Value
Accuracy,0.95
Precision,0.9511041009463722
Recall,0.9496062992125984
F1 Score,0.950354609929078
