Metric,Value
Accuracy,0.9986446803704541
Precision (Weighted),0.9986471189400488
Recall (Weighted),0.9986446803704541
F1 Score (Weighted),0.9986446239327347
