Metric,Value
Accuracy,0.9736842105263158
Precision,0.9605633802816902
Recall,0.9798850574712644
F1 Score,0.9701280227596016
