Metric,Value
Accuracy,0.9412698412698413
Precision,0.9459459459459459
Recall,0.937007874015748
F1 Score,0.9414556962025317
