Metric,Value
Accuracy,0.9868649318463445
Precision,0.9950568462679189
Recall,0.9790856031128404
F1 Score,0.9870066192694288
