Metric,Value
Accuracy,0.968671679197995
Precision,0.9549295774647887
Recall,0.9741379310344828
F1 Score,0.9644381223328592
