Metric,Value
Accuracy,0.9942398915744296
Precision (Weighted),0.9942595468627915
Recall (Weighted),0.9942398915744296
F1 Score (Weighted),0.9942404655272287
