Metric,Value
Accuracy,0.9996611700926135
Precision,1.0
Recall,0.9992972593113141
F1 Score,0.9996485061511423
