Metric,Value
Accuracy,0.9977411339507567
Precision (Weighted),0.9977419400887543
Recall (Weighted),0.9977411339507567
F1 Score (Weighted),0.9977410782073703
