Metric,Value
Accuracy,0.9846344485749691
Precision,0.9835111542192047
Recall,0.9863813229571985
F1 Score,0.9849441476444877
