Metric,Value
Accuracy,0.9995482267901513
Precision,0.9997656433091164
Recall,0.9992972593113141
F1 Score,0.9995313964386129
