Metric,Value
Accuracy,0.9816604708798017
Precision,0.9930348258706467
Recall,0.9708171206225681
F1 Score,0.9818002951303492
