Metric,Value
Accuracy,0.8759398496240601
Precision,0.8392370572207084
Recall,0.8850574712643678
F1 Score,0.8615384615384616
