Metric,Value
Accuracy,0.9126984126984127
Precision,0.8865979381443299
Recall,0.9480314960629921
F1 Score,0.9162861491628614
