Metric,Value
Accuracy,0.9856562005873052
Precision,0.977629151291513
Recall,0.9929725931131412
F1 Score,0.9852411388727484
