Metric,Value
Accuracy,0.9388888888888889
Precision,0.9332298136645962
Recall,0.9464566929133859
F1 Score,0.9397967161845191
