Metric,Value
Accuracy,0.9997741133950757
Precision (Weighted),0.9997741133950757
Recall (Weighted),0.9997741133950757
F1 Score (Weighted),0.9997741133950757
