Metric,Value
Accuracy,0.974937343358396
Precision,0.9659090909090909
Recall,0.9770114942528736
F1 Score,0.9714285714285714
