Metric,Value
Accuracy,0.9837092731829574
Precision,0.9745042492917847
Recall,0.9885057471264368
F1 Score,0.9814550641940085
