Metric,Value
Accuracy,0.9994352834876892
Precision,0.9988301357042583
Recall,1.0
F1 Score,0.9994147255062623
