Metric,Value
Accuracy,0.9992093968827649
Precision,0.9995311767463666
Recall,0.9988287655188569
F1 Score,0.9991798476859989
