Metric,Value
Accuracy,0.974937343358396
Precision,0.9685714285714285
Recall,0.9741379310344828
F1 Score,0.9713467048710601
