,precision,recall,f1-score,support
0,0.9799107142857143,0.9755555555555555,0.9777282850779511,450.0
1,0.9685714285714285,0.9741379310344828,0.9713467048710601,348.0
accuracy,0.974937343358396,0.974937343358396,0.974937343358396,0.974937343358396
macro avg,0.9742410714285714,0.9748467432950192,0.9745374949745056,798.0
weighted avg,0.9749657626208378,0.974937343358396,0.9749453403260738,798.0
