Metric,Value
Accuracy,0.9995482267901513
Precision,1.0
Recall,0.9990630124150855
F1 Score,0.999531286618233
