Metric,Value
Accuracy,0.9598997493734336
Precision,0.9247311827956989
Recall,0.9885057471264368
F1 Score,0.9555555555555556
