Metric,Value
Accuracy,0.7591078066914498
Precision,0.7328178694158075
Recall,0.8297665369649806
F1 Score,0.7782846715328466
