Metric,Value
Accuracy,0.999322340185227
Precision,0.9992972593113141
Recall,0.9992972593113141
F1 Score,0.9992972593113141
