Metric,Value
Accuracy,0.9624060150375939
Precision,0.9297297297297298
Recall,0.9885057471264368
F1 Score,0.958217270194986
