Metric,Value
Accuracy,0.9285714285714286
Precision,0.9706390328151986
Recall,0.8850393700787401
F1 Score,0.9258649093904447
