Metric,Value
Accuracy,0.9436507936507936
Precision,0.9668874172185431
Recall,0.9196850393700787
F1 Score,0.9426957223567394
