Metric,Value
Accuracy,0.9990964535803026
Precision,0.9990630124150855
Recall,0.9990630124150855
F1 Score,0.9990630124150855
