Metric,Value
Accuracy,0.9878562577447336
Precision,0.9883211678832117
Recall,0.9878404669260701
F1 Score,0.9880807589394308
