Metric,Value
Accuracy,0.9987576236729162
Precision,0.9976624590930341
Recall,0.9997657531037714
F1 Score,0.9987129987129987
