Metric,Value
Accuracy,0.9230158730158731
Precision,0.9702797202797203
Recall,0.8740157480314961
F1 Score,0.91963545981773
