Metric,Value
Accuracy,0.9843866171003718
Precision,0.988719960765081
Recall,0.980544747081712
F1 Score,0.9846153846153846
