Metric,Value
Accuracy,0.9996611700926135
Precision,0.9997656982193065
Recall,0.9995315062075427
F1 Score,0.9996485884971302
