Metric,Value
Accuracy,0.9230158730158731
Precision,0.9606164383561644
Recall,0.8834645669291339
F1 Score,0.9204265791632485
