Metric,Value
Accuracy,0.9992093968827649
Precision,0.999765478424015
Recall,0.9985945186226283
F1 Score,0.9991796554552912
