Metric,Value
Accuracy,0.9404761904761905
Precision,0.9590163934426229
Recall,0.9212598425196851
F1 Score,0.9397590361445783
