Metric,Value
Accuracy,0.9994352834876892
Precision,1.0
Recall,0.9988287655188569
F1 Score,0.9994140396109223
