Metric,Value
Accuracy,0.9799498746867168
Precision,0.9853801169590644
Recall,0.9683908045977011
F1 Score,0.9768115942028985
