Metric,Value
Accuracy,0.956140350877193
Precision,0.9151193633952255
Recall,0.9913793103448276
F1 Score,0.9517241379310345
