Metric,Value
Accuracy,0.9624060150375939
Precision,0.9416666666666667
Recall,0.9741379310344828
F1 Score,0.9576271186440678
